id_casa,nome_casa,via,gestore,lat,lon,quartiere,numero_civico,area_ortiva,area_statistica,sito_web,numero_civico_base,numero_civico_specificita,lunedi_mattina,lunedi_pomeriggio,martedi_mattina,martedi_pomeriggio,mercoledi_mattina,mercoledi_pomeriggio,giovedi_mattina,giovedi_pomeriggio,venerdi_mattina,venerdi_pomeriggio,sabato_mattina,sabato_pomeriggio,domenica_mattina,domenica_pomeriggio,edificio_storico
cdq_01,Graf,Piazza Spadolini,Graf San Donato APS,44.50411986097906,11.3670925194173,San Donato - San Vitale,3,False,VIA DEL LAVORO,https://www.comune.bologna.it/informazioni/casa-quartiere-graf,3,,11:00-13.00,,11:00-13:00,,11:00-13:00,,11:00-13:00,,11:00-13:00,,,,,,False
cdq_02,Santa Viola,Via Emilia Ponente,Centro Sociale Ricreativo Culturale Santa Viola APS,44.5072005,11.3053172,Borgo Panigale - Reno,131,False,AGUCCHI,https://www.comune.bologna.it/informazioni/casa-quartiere-santa-viola,131,,8:00-11:30,14:00-18.30,8:00-11:30,14:00-18.30,8:00-11:30,14:00-18.30,8:00-11:30,14:00-18.30,8:00-11:30,14:00-18.30,8:00-11:30,14:00-18.30,8:00-11:30,14:00-18.30,False
cdq_03,Area Ortiva Paleotto,Via del Paleotto,Associazione Area Ortiva Paleotto APS,44.4442178,11.3529744,Savena,11,True,MONTE DONATO,https://www.comune.bologna.it/informazioni/casa-quartiere-paleotto,11,,,,,,,17:00-21:00,,17:00-21:00,,17:00-21:00,,17:00-21:00,,,False
cdq_04,Casa del Gufo,Via Luigi Longo,Associazione Senza Il Banco,44.4686989,11.385095,Savena,10-12,True,CORELLI,https://www.comune.bologna.it/informazioni/casa-quartiere-casa-gufo,10-12,,9:00-13:00,13:00-23:00,9:00-13:00,13:00-23:00,9:00-13:00,13:00-23:00,9:00-13:00,13:00-23:00,9:00-13:00,13:00-23:00,9:00-13:00,13:00-23:00,9:00-13:00,13:00-23:00,False
cdq_05,Villa Bernaroli,Via Morazzo,Centro Sociale e Orti Villa Bernaroli APS,44.5028129,11.2559706,Borgo Panigale - Reno,1,True,RIGOSA,https://www.comune.bologna.it/informazioni/casa-quartiere-villa-bernaroli,1,,,14:00-18:00,,14:00-18:00,,14:00-18:00,,14:00-18:00,,14:00-18:00,,,,,True
cdq_06,Casa Gialla,Piazza Da Verrazzano,Associazione Centro Sociale Casa Gialla,44.5192565,11.3272229,Navile,1/3,True,BEVERARA,https://www.comune.bologna.it/informazioni/casa-quartiere-casa-gialla,1,3,,14:30-18:30,,14:30-18:30,,14:30-18:30,,14:30-18:30,,14:30-18:30,,14:30-18:30,,14:30-18:30,False
cdq_07,Due Agosto 1980,Via Filippo Turati,Centro sociale 2 Agosto 80 APS,44.4904754,11.3212905,Porto - Saragozza,98,True,SAN GIUSEPPE,https://www.comune.bologna.it/informazioni/casa-quartiere-due-agosto-1980,98,,,14:00-18:30,,14:00-18:30,,14:00-18:30,,14:00-18:30,,14:00-18:30,,14:00-18:30,,14:00-18:30,False
cdq_08,Stella,Via Savioli,nan,44.4870293,11.3640299,Santo Stefano,3,False,MEZZOFANTI,https://www.comune.bologna.it/informazioni/casa-quartiere-stella,3,,,15:00-18:00,,15:00-18:00,,15:00-18:00,,15:00-18:00,,15:00-18:00,,15:00-18:00,,,False
cdq_09,Il Parco,Via Edgar Allan Poe,Centro Sociale Il Parco APS,44.5111729,11.2854848,Borgo Panigale - Reno,4,False,TRIUMVIRATO-PIETRA,https://www.comune.bologna.it/informazioni/casa-quartiere-parco,4,,9:30-12:00,14:00-18:30,9:30-12:00,14:00-18:30,9:30-12:00,14:00-18:30,9:30-12:00,14:00-18:30,9:30-12:00,14:00-18:30,9:30-12:00,14:00-18:30,9:30-12:00,14:00-18:30,False
cdq_10,Pescarola,Via F. Zanardi,"Centro Sociale, Ricreativo, Culturale,
Autogestito Anziani Pescarola",44.5245657,11.3170639,Navile,228,False,PESCAROLA,https://www.comune.bologna.it/informazioni/casa-quartiere-pescarola,228,,,14:30-18:30,,14:30-18:30,,14:30-18:30,,14:30-18:30,,14:30-18:30,,14:30-18:30,,,False
cdq_11,Nello Frassinetti,Via Isabella Andreini,"Centro Sociale Ricreativo Culturale
Frassinetti APS",44.5036295,11.3736824,San Donato - San Vitale,18,False,MICHELINO,https://www.comune.bologna.it/informazioni/casa-quartiere-nello-frassinetti,18,,,,8:00-12:00,14:00-18:00,8:00-12:00,14:00-18:00,8:00-12:00,14:00-18:00,8:00-12:00,14:00-18:00,8:00-12:00,14:00-18:00,8:00-12:00,14:00-18:00,False
cdq_12,Villa Torchi,Via Colombarola,Associazione Centro Sociale Villa Torchi,44.5443575,11.3586988,Navile,40,True,SAN SAVINO,https://www.comune.bologna.it/informazioni/casa-quartiere-villa-torchi,40,,8:00-12:00,15:00-19:30,8:00-12:00,15:00-19:30,8:00-12:00,15:00-19:30,8:00-12:00,15:00-19:30,8:00-12:00,15:00-19:30,8:00-12:00,15:00-19:30,8:00-12:00,15:00-19:30,False
cdq_13,Scipione dal Ferro,Via Sante Vincenzi,AICS,44.4962566,11.3707323,San Donato - San Vitale,50,False,CIRENAICA,https://www.comune.bologna.it/informazioni/casa-quartiere-scipione-dal-ferro,50,,8:00-12:00,15:00-20:00,8:00-12:00,15:00-20:00,8:00-12:00,15:00-20:00,8:00-12:00,15:00-20:00,8:00-12:00,15:00-20:00,8:00-12:00,15:00-20:00,,,False
cdq_14,La Dacia,Via Abramo Lincoln,Associazione Centro Sociale La Dacia,44.4837011,11.3914509,Savena,22/3,True,FOSSOLO,https://www.comune.bologna.it/informazioni/casa-quartiere-dacia,22,3,,15:00-18:00,,15:00-18:00,,15:00-18:00,,15:00-18:00,,15:00-18:00,,15:00-18:00,,,False
cdq_16,Italicus,"Via Giovanni Antonio
Sacco",Centro Sociale Anziani Italicus,44.5044436,11.356646,San Donato - San Vitale,16,False,VIA DEL LAVORO,https://www.comune.bologna.it/informazioni/casa-quartiere-italicus,16,,,14:00-18:00,,14:00-18:00,,14:00-18:00,,14:00-18:00,,14:00-18:00,,14:00-18:00,,14:00-18:00,False
cdq_17,Fondo Comini,Via Fioravanti,"Associazione Centro sociale
Fondo Comini APS",44.5154599,11.3393495,Navile,68,False,ARCOVEGGIO,https://www.comune.bologna.it/informazioni/casa-quartiere-fondo-comini,68,,9:00-13:00,13:00-19:00,9:00-13:00,13:00-19:00,9:00-13:00,13:00-19:00,9:00-13:00,13:00-19:00,9:00-13:00,13:00-19:00,9:00-13:00,13:00-19:00,9:00-13:00,13:00-19:00,False
cdq_18,Croce Coperta,Via Papini,Associazione Centro Sociale Croce Coperta,44.5348056,11.3521691,Navile,28,False,CROCE COPERTA,https://www.comune.bologna.it/informazioni/casa-quartiere-croce-coperta,28,,8:00-12:30,15:00-23:00,8:00-12:30,15:00-23:00,8:00-12:30,15:00-23:00,8:00-12:30,15:00-23:00,8:00-12:30,15:00-23:00,8:00-12:30,15:00-23:00,8:00-12:30,15:00-23:00,False
cdq_19,Giorgio Costa,Via Azzo Gardino,Centro Sociale Giorgio Costa,44.5016786,11.3352507,Porto - Saragozza,48,False,MARCONI-2,https://www.comune.bologna.it/informazioni/casa-quartiere-giorgio-costa,48,,8:00-13:00,13:00-00:00,8:00-13:00,13:00-00:00,8:00-13:00,13:00-00:00,8:00-13:00,13:00-00:00,8:00-13:00,13:00-00:00,,,,,False
cdq_20,Cà Solare,Via Del Pilastro,Atlas ASD,44.5080438,11.3849782,San Donato - San Vitale,5,False,PILASTRO,https://www.comune.bologna.it/informazioni/casa-quartiere-ca-solare,5,,9:00-13:00,,,,9:00-13:00,,,,9:00-13:00,,,,,,False
cdq_21,Croce del Biacco,Via Giuseppe Rivani,Centro Sociale Croce del Biacco APS,44.4899689,11.3980917,San Donato - San Vitale,1,False,CROCE DEL BIACCO,https://www.comune.bologna.it/informazioni/casa-quartiere-croce-del-biacco,1,,,14:30-18:30,8:00-12:00,,,,,,8:00-12:00,14:30-18:30,,,,,False
cdq_22,Katia Bertasi,Via Fioravanti,Associazione Senza Il Banco,44.5119457,11.3409813,Navile,22,False,EX MERCATO ORTOFRUTTICOLO,https://www.comune.bologna.it/informazioni/casa-quartiere-katia-bertasi,22,,7:00-13:00,13:00-23:00,7:00-13:00,13:00-23:00,7:00-13:00,13:00-23:00,7:00-13:00,13:00-23:00,7:00-13:00,13:00-23:00,,15:00-20:00,,15:00-20:00,False
cdq_23,Ruozi,Via Castelmerlo,Centro sociale e ricreativo Ruozi,44.4917146,11.3782433,San Donato - San Vitale,13,False,GUELFA,https://www.comune.bologna.it/informazioni/casa-quartiere-ruozi,13,,9:00-12:30,15:00-18:00,,15:00-18:00,9:00-11:00,15:00-19:00,,,9:00-11:00,15:00-18:00,,,,,False
cdq_24,Della Pace,Via del Pratello,Centro Sociale della Pace,44.495539,11.3316777,Porto - Saragozza,53,,MALPIGHI-2,https://www.comune.bologna.it/informazioni/casa-quartiere-della-pace,53,,,15:00-22:00,,15:00-22:00,,15:00-22:00,,15:00-22:00,,15:00-22:00,,15:00-22:00,,15:00-22:00,False
cdq_25,Pilastro,Via Dino Campana,Senza il Banco,44.513998,11.3980091,San Donato - San Vitale,4,False,PILASTRO,https://www.comune.bologna.it/informazioni/casa-quartiere-pilastro,4,,,,,,,,,,,,,,,,False
cdq_26,Foscherara,"Via Giuseppe Cesare
Abba",Associazione Centro Sociale Foscherara,44.4650825,11.379103,Savena,6/A,False,CORELLI,https://www.comune.bologna.it/informazioni/casa-quartiere-foscherara,6,A,,,,,,,,,,,,,,,False
cdq_27,San Rafel,Via  A. Ponchielli,Associazione Senza Il Banco,44.4659745,11.3739898,Savena,21,False,VIA TOSCANA,https://www.comune.bologna.it/vivere-il-comune/luoghi/case-quartiere/casa-quartiere-san-rafel,21,,,,,15:00-21:30,9:30-12:30,15:00-20:00,,15:00-20:00,9:30-12:30,15:00-20:00,,15:00-20:00,,15:00-20:00,False
cdq_28,Villa Mazzacorati,Via Toscana,Associazione Centro Sociale Villa Mazzacorati,44.4697316,11.3700086,Savena,19,False,MONTE DONATO,https://www.comune.bologna.it/informazioni/casa-quartiere-villa-mazzacorati,19,,,,,,,,,,,,,,,,True
cdq_29,Montanari,Via di Saliceto,Associazione Centro Sociale A. Montanari APS,44.5130313,11.3504039,Navile,3/21,True,VIA FERRARESE,https://www.comune.bologna.it/informazioni/casa-quartiere-montanari,3,21,,15:00-19:00,8:45-12:00,15:00-19:00,8:45-12:00,15:00-19:00,8:45-12:00,15:00-19:00,8:45-12:00,15:00-19:00,,,,15:00-18:00,False
cdq_30,Saffi,Via Ludovico Berti,Centro Sociale Saffi,44.5017676,11.3299532,Porto - Saragozza,2/10,True,ZANARDI,https://www.comune.bologna.it/informazioni/casa-quartiere-saffi,2,10,,15:00-18:00,,15:00-18:00,,15:00-18:00,,15:00-18:00,,15:00-18:00,,,,,False
cdq_31,Tolmino,Via Podgora,nan,44.4977357,11.3181005,Porto - Saragozza,41,,VIA VITTORIO VENETO,https://www.comune.bologna.it/vivere-il-comune/luoghi/case-quartiere/casa-quartiere-tolmino,41,,,15:15-18:20,,15:15-18:20,,15:15-18:20,,15:15-18:20,,15:15-18:20,,,10:00-12:30,,False
cdq_32,Rosa Marchi,Via Pietro Nenni,Centro Sociale e orti Rosa Marchi APS,44.4927777,11.2907756,Borgo Panigale - Reno,11,True,BATTINDARNO,https://www.comune.bologna.it/informazioni/casa-quartiere-rosa-marchi,11,,,14:30-19:30,,14:30-19:30,,14:30-19:30,,14:30-19:30,,14:30-19:30,,14:30-19:30,,14:30-19:30,False
cdq_33,Lunetta Gamberini,Via Degli Orti,Centro Sociale Lunetta Gamberini,44.4769847,11.3748928,Santo Stefano,60,False,DAGNINI,https://www.comune.bologna.it/informazioni/casa-quartiere-lunetta-gamberini,60,,9:00-13:00,13:00-23:00,9:00-13:00,13:00-23:00,9:00-13:00,13:00-23:00,9:00-13:00,13:00-23:00,9:00-13:00,13:00-20:00,9:00-13:00,13:00-20:00,9:00-13:00,13:00-20:00,False
